word_index,word,word_phrase,senses,gold_image,gold_pos,gold_sense
6413,semi,The semi was parked by the loading dock all morning.,"{""n"": [""one of the two competitions in the next to the last round of an elimination tournament"", ""a truck consisting of a tractor and trailer together"", ""a trailer having wheels only in the rear; the front is supported by the towing vehicle""]}",image.6786.jpg,n,3.0
585,strawberry,We put a strawberry in a hanging basket by the window.,"{""n"": [""sweet fleshy red fruit"", ""any of various low perennial herbs with many runners and bearing white flowers followed by edible fruits having many small achenes scattered on the surface of an enlarged red pulpy berry"", ""a soft red birthmark""]}",image.6927.jpg,n,2.0
3484,skepticism,"At family dinners, his skepticism about easy answers made him a patient listener.","{""n"": [""doubt about the truth of something"", ""the disbelief in any claims of ultimate knowledge""]}",image.15120.jpg,n,2.0
8895,summer,I always feel more relaxed in summer.,"{""n"": [""the warmest season of the year; in the northern hemisphere it extends from the summer solstice to the autumnal equinox"", ""the period of finest development, happiness, or beauty""], ""v"": [""spend the summer""]}",image.11391.jpg,n,1.0
11982,flirt,"At the office holiday party, he flirted with her a bit before slipping out early.","{""n"": [""a seductive woman who uses her sex appeal to exploit men"", ""playful behavior intended to arouse sexual interest""], ""v"": [""talk or behave amorously, without serious intentions"", ""behave carelessly or indifferently""]}",image.9736.jpg,v,1.0
1278,lick,She gave the envelope a quick lick before sealing it shut.,"{""n"": [""a salt deposit that animals regularly lick"", ""touching with the tongue"", ""(boxing) a blow with the fist""], ""v"": [""beat thoroughly and conclusively in a competition or fight"", ""pass the tongue over"", ""find the solution to (a problem or question) or understand the meaning of"", ""take up with the tongue""]}",image.10979.jpg,v,2.0
11781,durian,That durian looks good.,"{""n"": [""tree of southeastern Asia having edible oval fruit with a hard spiny rind"", ""huge fruit native to southeastern Asia `smelling like Hell and tasting like Heaven'; seeds are roasted and eaten like nuts""]}",image.12054.jpg,n,2.0
2015,design,We spent the evening on the design of the new room.,"{""n"": [""the act of working out the form of something (as by making a sketch or outline or plan)"", ""an arrangement scheme"", ""something intended as a guide for making something else"", ""a decorative or artistic work"", ""an anticipated outcome that is intended or that guides your planned actions"", ""a preliminary sketch indicating the plan for something"", ""the creation of something in the mind""], ""v"": [""make or work out a plan for; devise"", ""plan something for a specific role or purpose or effect"", ""create the design for; create or execute in an artistic or highly skilled manner"", ""make a design of; plan out in systematic, often graphic form"", ""create designs"", ""conceive or fashion in the mind; invent"", ""intend or have as a purpose""]}",image.4537.jpg,n,1.0
8669,chlamydia,"The vet said chlamydia was spreading among the pigeons, so the shelter kept them apart for a few days.","{""n"": [""a sexually transmitted infection caused by bacteria of the genus Chlamydia"", ""coccoid rickettsia infesting birds and mammals; cause infections of eyes and lungs and genitourinary tract""]}",image.11180.jpg,n,2.0
8203,mottling,The mottling on the kitchen tiles took the room from plain to cozy.,"{""n"": [""the act of coloring with areas of different shades""], ""v"": [""mark with spots or blotches of different color or shades of color as if stained"", ""colour with streaks or blotches of different shades""]}",image.11140.jpg,n,1.0
8916,abandonment,We were surprised by her abandonment of the project just when we needed her most.,"{""n"": [""the act of giving something up"", ""withdrawing support or help despite allegiance or responsibility"", ""the voluntary surrender of property (or a right to property) without attempting to reclaim it or give it away""]}",image.3774.jpg,n,2.0
6570,shrew,A shrew ran across the path while I was taking out the trash.,"{""n"": [""a scolding nagging bad-tempered woman"", ""small mouselike mammal with a long snout; related to moles""]}",image.9076.jpg,n,2.0
8195,cinchona,I bought a cinchona at the market yesterday.,"{""n"": [""medicinal bark of cinchona trees; source of quinine and quinidine"", ""any of several trees of the genus Cinchona""]}",image.1264.jpg,n,2.0
3443,girl,My girl is turning six today.,"{""n"": [""a young woman"", ""a youthful female person"", ""a female human offspring"", ""a girl or young woman with whom a man is romantically involved"", ""a friendly informal reference to a grown woman""]}",image.7466.jpg,n,3.0
10158,yeast,I noticed yeast growing in the old jar.,"{""n"": [""a commercial leavening agent containing yeast cells; used to raise the dough in making bread and for fermenting beer or whiskey"", ""any of various single-celled fungi that reproduce asexually by budding or division""]}",image.12377.jpg,n,2.0
4746,banana,I moved the banana closer to the window.,"{""n"": [""any of several tropical and subtropical treelike herbs of the genus Musa having a terminal crown of large entire leaves and usually bearing hanging clusters of elongated fruits"", ""elongated crescent-shaped yellow fruit with soft sweet flesh""]}",image.130.jpg,n,1.0
11612,saratoga,We mentioned saratoga during dinner.,"{""n"": [""a species of large fish found in Australian rivers"", ""a battle during the American Revolution (1777); the British under Burgoyne were defeated""]}",image.2295.jpg,n,1.0
3912,dam,"After dinner, we took a quiet walk along the dam.","{""n"": [""a barrier constructed to contain the flow of water or to keep out the sea"", ""a metric unit of length equal to ten meters"", ""female parent of an animal especially domestic livestock""], ""v"": [""obstruct with, or as if with, a dam""]}",image.7410.jpg,n,1.0
7285,negative,I found the negative tucked between the pages of the book.,"{""n"": [""a reply of denial"", ""a piece of photographic film showing an image with light and shade or colors reversed""], ""v"": [""vote against; refuse to endorse; refuse to assent""], ""a"": [""characterized by or displaying negation or denial or opposition or resistance; having no positive features"", ""expressing or consisting of a negation or refusal or denial"", ""having the quality of something harmful or unpleasant"", ""not indicating the presence of microorganisms or disease or a specific condition"", ""reckoned in a direction opposite to that regarded as positive"", ""less than zero"", ""designed or tending to discredit, especially without positive or helpful suggestions"", ""having a negative charge"", ""involving disadvantage or harm""]}",image.6788.jpg,n,2.0
8961,pant,"After the run, he panted, ""okay.""","{""n"": [""the noise made by a short puff of steam (as from an engine)"", ""(usually in the plural) a garment extending from the waist to the knee or ankle, covering each leg separately"", ""a short labored intake of breath with the mouth open""], ""v"": [""breathe noisily, as when one is exhausted"", ""utter while panting, as if out of breath""]}",image.9295.jpg,v,1.0
5429,ballot,The group will ballot after the announcement.,"{""n"": [""a document listing the alternatives that is used in voting"", ""a choice that is made by counting the number of people in favor of each alternative""], ""v"": [""vote by ballot""]}",image.995.jpg,v,1.0
6432,workshop,The workshop was quiet this morning.,"{""n"": [""small workplace where handcrafts or manufacturing are done"", ""a brief intensive course for a small group; emphasizes problem solving""]}",image.7272.jpg,n,1.0
609,breadfruit,The breadfruit by the porch looked healthy after the rain.,"{""n"": [""native to Pacific islands and having edible fruit with a texture like bread"", ""a large round seedless or seeded fruit with a texture like bread; eaten boiled or baked or roasted or ground into flour; the roasted seeds resemble chestnuts""]}",image.7103.jpg,n,1.0
1401,crooning,She was crooning under her breath while making coffee.,"{""n"": [""singing in a soft low tone"", ""the act of singing popular songs in a sentimental manner""], ""v"": [""sing softly""]}",image.4726.jpg,v,1.0
6130,fruitcake,Fruitcake was on the list for the holiday party.,"{""n"": [""a whimsically eccentric person"", ""a rich cake containing dried fruit and nuts and citrus peel and so on""]}",image.14923.jpg,n,2.0
8082,speech,Her speech surprised everyone at the reunion.,"{""n"": [""the act of delivering a formal spoken communication to an audience"", ""(language) communication by word of mouth"", ""something spoken"", ""the exchange of spoken words"", ""your characteristic style or manner of expressing yourself orally"", ""a lengthy rebuke"", ""words making up the dialogue of a play"", ""the mental faculty or power of vocal communication""]}",image.10481.jpg,n,1.0
9291,handball,We played handball after lunch.,"{""n"": [""a small rubber ball used in playing the game of handball"", ""a game played in a walled court or against a single wall by two or four players who strike a rubber ball with their hands""]}",image.9830.jpg,n,2.0
2741,lithography,"At the weekend market, they had a small stall for lithography and framed posters.","{""n"": [""a method of planographic printing from a metal or stone surface"", ""the act of making a lithographic print""]}",image.10358.jpg,n,1.0
9376,cushion,I left the cushion by the door so I could take it upstairs later.,"{""n"": [""a mechanical damper; absorbs energy of sudden impulses"", ""the layer of air that supports a hovercraft or similar vehicle"", ""a soft bag filled with air or a mass of padding such as feathers or foam rubber etc.""], ""v"": [""protect from impact""]}",image.2705.jpg,n,3.0
394,equator,The equator on the globe was a little faded from handling.,"{""n"": [""an imaginary line around the Earth forming the great circle that is equidistant from the north and south poles"", ""a circle dividing a sphere or other surface into two usually equal and symmetrical parts""]}",image.4057.jpg,n,1.0
6658,candelabra,We left the candelabra near the window after dinner.,"{""n"": [""branched candlestick; ornamental; has several lights"", ""branched candlestick; ornamental; has several lights""]}",image.12349.jpg,n,1.0
5717,hierarchy,The hierarchy was clearer once I spread everything out on the table.,"{""n"": [""a series of ordered groupings of people or things within a system"", ""the organization of people at different ranks in an administrative body""]}",image.12347.jpg,n,1.0
2709,bank,A bank of fog rolled across the yard before sunrise.,"{""n"": [""sloping land (especially the slope beside a body of water)"", ""a financial institution that accepts deposits and channels the money into lending activities"", ""a long ridge or pile"", ""an arrangement of similar objects in a row or in tiers"", ""a supply or stock held in reserve for future use (especially in emergencies)"", ""the funds held by a gambling house or the dealer in some gambling games"", ""a slope in the turn of a road or track; the outside is higher than the inside in order to reduce the effects of centrifugal force"", ""a container (usually with a slot in the top) for keeping money at home"", ""a building in which the business of banking transacted"", ""a flight maneuver; aircraft tips laterally about its longitudinal axis (especially in turning)""], ""v"": [""tip laterally"", ""enclose with a bank"", ""do business with a bank or keep an account at a bank"", ""act as the banker in a game or in gambling"", ""be in the banking business"", ""put into a bank account"", ""cover with ashes so to control the rate of burning"", ""have confidence or faith in""]}",image.14224.jpg,n,3.0
8678,hump,There was a small hump under the blanket on the couch.,"{""n"": [""something that bulges out or is protuberant or projects from its surroundings""], ""v"": [""round one's back by bending forward and drawing the shoulders forward"", ""have sexual intercourse with""]}",image.10597.jpg,n,1.0
126,bobtail,I snapped a picture of the bobtail.,"{""n"": [""a short or shortened tail of certain animals"", ""large sheepdog with a profuse shaggy bluish-grey-and-white coat and short tail; believed to trace back to the Roman occupation of Britain""], ""a"": [""having a short or shortened tail""]}",image.1933.jpg,n,2.0
2950,farm,We stopped by the farm after lunch.,"{""n"": [""workplace consisting of farm buildings and cultivated land as a unit""], ""v"": [""be a farmer; work as a farmer"", ""collect fees or profits"", ""cultivate by growing, often involving improvements by means of agricultural techniques""]}",image.12165.jpg,n,1.0
5886,finger,I burned my finger on the stove.,"{""n"": [""any of the terminal members of the hand (sometimes excepting the thumb)"", ""the length of breadth of a finger used as a linear measure"", ""one of the parts of a glove that provides covering for a finger or thumb""], ""v"": [""feel or handle with the fingers"", ""examine by touch"", ""search for on the computer"", ""indicate the fingering for the playing of musical scores for keyboard instruments""]}",image.2994.jpg,n,1.0
1054,compound,We stopped by the compound on our way home.,"{""n"": [""a whole formed by a union of two or more elements or parts"", ""(chemistry) a substance formed by chemical union of two or more elements or ingredients in definite proportion by weight"", ""an enclosure of residences and other building (especially in the Orient)""], ""v"": [""make more intense, stronger, or more marked; ,"", ""put or add together"", ""calculate principal and interest"", ""create by mixing or combining"", ""combine so as to form a whole; mix""], ""a"": [""composed of more than one part; compound flower heads\"""", ""consisting of two or more substances or ingredients or elements or parts"", ""composed of many distinct individuals united to form a whole or colony""]}",image.5642.jpg,n,3.0
1123,truck,I left the truck outside overnight.,"{""n"": [""an automotive vehicle suitable for hauling"", ""a handcart that has a frame with two low wheels and a ledge at the bottom and handles at the top; used to move crates or other heavy objects""], ""v"": [""convey (goods etc.) by truck""]}",image.6680.jpg,n,1.0
10267,waterwheel,We stopped to look at the waterwheel by the pond.,"{""n"": [""a wheel with buckets attached to its rim; raises water from a stream or pond"", ""a wheel that rotates by direct action of water; a simple turbine""]}",image.14370.jpg,n,1.0
12166,shellac,I found the shellac in a small tin at the back of the cupboard.,"{""n"": [""lac purified by heating and filtering; usually in thin orange or yellow flakes but sometimes bleached white"", ""a thin varnish made by dissolving lac in ethanol; used to finish wood""], ""v"": [""cover with shellac""]}",image.8396.jpg,n,1.0
6370,douche,She asked the pharmacist about a douche.,"{""n"": [""a small syringe with detachable nozzles; used for vaginal lavage and enemas"", ""irrigation with a jet of water or medicated solution into or around a body part (especially the vagina) to treat infections or cleanse from odorous contents""], ""v"": [""direct a spray of water into a bodily cavity, for cleaning""]}",image.14867.jpg,n,1.0
7518,bassinet,We placed the bassinet near the sofa during the visit.,"{""n"": [""a basket (usually hooded) used as a baby's bed"", ""a perambulator that resembles a bassinet""]}",image.13832.jpg,n,1.0
1742,promotion,Her promotion was a big boost for the company.,"{""n"": [""a message issued in behalf of some product or cause or idea or person or institution"", ""act of raising in rank or position"", ""encouragement of the progress or growth or acceptance of something"", ""the advancement of some enterprise""]}",image.12473.jpg,n,2.0
11868,cotton,The cotton by the road looked brighter after the rain.,"{""n"": [""soft silky fibers from cotton plants in their raw state"", ""fabric woven from cotton fibers"", ""erect bushy mallow plant or small tree bearing bolls containing seeds with many long hairy fibers"", ""thread made of cotton fibers""], ""v"": [""take a liking to""]}",image.14979.jpg,n,3.0
11624,golem,"When I got home, there was a golem in the hallway.","{""n"": [""(Jewish folklore) an artificially created human being that is given life by supernatural means"", ""a mechanism that can move automatically""]}",image.12309.jpg,n,1.0
12402,eye-drop,"Before heading back to work, I stopped by the clinic for an eye-drop.","{""n"": [""a drop from an eye dropper"", ""a method of irrigating the eye used by ophthalmologists""]}",image.6152.jpg,n,2.0
6947,tc,The tc kept coming up during the meeting.,"{""n"": [""a crystalline metallic element not found in nature; occurs as one of the fission products of uranium"", ""a permanent council of the United Nations that commissions a country (or countries) to undertake the administration of a territory""]}",image.11275.jpg,n,2.0
1348,duet,The duet in the second act drew the loudest applause.,"{""n"": [""two items of the same kind"", ""two performers or singers who perform together"", ""a pair who associate with one another"", ""a musical composition for two performers"", ""(ballet) a dance for two people (usually a ballerina and a danseur noble)""]}",image.9985.jpg,n,5.0
8578,lassitude,"By late afternoon, a slight lassitude had settled over the office.","{""n"": [""a state of comatose torpor (as found in sleeping sickness)"", ""a feeling of lack of interest or energy"", ""weakness characterized by a lack of vitality or energy""]}",image.12313.jpg,n,2.0
7151,control,"At family dinners, she can control the conversation with just a few words.","{""n"": [""power to direct or determine"", ""a relation of constraint of one entity (thing or person or group) by another"", ""(physiology) regulation or maintenance of a function or action or reflex etc"", ""a standard against which other conditions can be compared in a scientific experiment"", ""the activity of managing or exerting control over something"", ""the state that exists when one person or group has power over another"", ""discipline in personal and social activities"", ""great skillfulness and knowledge of some subject or activity"", ""a mechanism that controls the operation of a machine"", ""a spiritual agency that is assumed to assist the medium during a seance"", ""the economic policy of controlling or limiting or curbing prices or wages etc.""], ""v"": [""exercise authoritative control or power over"", ""lessen the intensity of; temper; hold in restraint; hold or keep within limits"", ""handle and cause to function"", ""control (others or oneself) or influence skillfully, usually to one's advantage"", ""check or regulate (a scientific experiment) by conducting a parallel experiment or comparing with another standard"", ""verify by using a duplicate register for comparison"", ""be careful or certain to do something; make certain of something"", ""have a firm understanding or knowledge of; be on top of""]}",image.10766.jpg,v,4.0
6433,rack,I left my umbrella on the rack by the door.,"{""n"": [""framework for holding objects"", ""rib section of a forequarter of veal or pork or especially lamb or mutton"", ""the destruction or collapse of something"", ""an instrument of torture that stretches or disjoints or mutilates victims"", ""a support for displaying various articles"", ""a form of torture in which pain is inflicted by stretching the body"", ""a rapid gait of a horse in which each foot strikes the ground separately""], ""v"": [""go at a rack"", ""stretch to the limits"", ""put on a rack and pinion"", ""obtain by coercion or intimidation"", ""run before a gale"", ""fly in high wind"", ""draw off from the lees"", ""torment emotionally or mentally"", ""work on a rack"", ""seize together, as of parallel ropes of a tackle in order to prevent running through the block"", ""torture on the rack""]}",image.292.jpg,n,1.0
1315,scarf,A scarf was left on the bench.,"{""n"": [""a garment worn around the head or neck or shoulders for warmth or decoration"", ""a joint made by notching the ends of two pieces of timber or metal so that they will lock together end-to-end""], ""v"": [""masturbate while strangling oneself"", ""unite by a scarf joint"", ""wrap in or adorn with a scarf""]}",image.11105.jpg,n,1.0
9909,stint,I noticed a stint near the pond this morning.,"{""n"": [""an unbroken period of time during which you do something"", ""smallest American sandpiper"", ""an individual's prescribed share of work""], ""v"": [""subsist on a meager allowance"", ""supply sparingly and with restricted quantities""]}",image.11296.jpg,n,2.0
1430,keyboard,I left the keyboard on the table after the meeting.,"{""n"": [""device consisting of a set of keys on a piano or organ or typewriter or typesetting machine or computer or the like"", ""holder consisting of an arrangement of hooks on which keys or locks can be hung""]}",image.11545.jpg,n,1.0
10979,fork,I put the fork on the table before sitting down.,"{""n"": [""cutlery used for serving and eating food"", ""the act of branching out or dividing into branches"", ""the region of the angle formed by the junction of two branches"", ""an agricultural tool used for lifting or digging; has a handle and metal prongs"", ""the angle formed by the inner sides of the legs where they join the human trunk""], ""v"": [""lift with a pitchfork"", ""place under attack with one's own pieces, of two enemy pieces"", ""divide into two or more branches so as to form a fork"", ""shape like a fork""]}",image.17.jpg,n,1.0
9348,inauguration,"After the inauguration, everyone stayed for coffee and small talk.","{""n"": [""the act of starting a new operation or practice"", ""the ceremonial induction into a position""]}",image.10703.jpg,n,2.0
299,cathedral,We parked near the cathedral before heading to dinner.,"{""n"": [""any large and important church"", ""the principal Christian church building of a bishop's diocese""], ""a"": [""relating to or containing or issuing from a bishop's office or throne""]}",image.11.jpg,n,2.0
5895,delilah,My brother said his ex was a real delilah.,"{""n"": [""(Old Testament) the Philistine mistress of Samson who betrayed him by cutting off his hair and so deprived him of his strength"", ""a woman who is considered to be dangerously seductive""]}",image.2488.jpg,n,2.0
1240,brightness,The brightness from the lamp made the room feel warm and inviting.,"{""n"": [""the location of a visual perception along a continuum from black to white"", ""intelligence as manifested in being quick and witty"", ""the quality of being luminous; emitting or reflecting light""]}",image.10743.jpg,n,3.0
5340,bowls,We meet for bowls every Friday evening.,"{""n"": [""a bowling game played on a level lawn with biased wooden balls that are rolled at a jack"", ""a round vessel that is open at the top; used chiefly for holding food or liquids"", ""a concave shape with an open top"", ""a dish that is round and open at the top for serving foods"", ""the quantity contained in a bowl"", ""a large structure for open-air sports or entertainments"", ""a large ball with finger holes used in the sport of bowling"", ""a wooden ball (with flattened sides so that it rolls on a curved course) used in the game of lawn bowling"", ""a small round container that is open at the top for holding tobacco"", ""the act of rolling something (as the ball in bowling)""], ""v"": [""roll (a ball)"", ""hurl a cricket ball from one end of the pitch towards the batsman at the other end"", ""engage in the sport of bowling""]}",image.2006.jpg,n,1.0
3023,leaven,A little leaven can make a big difference.,"{""n"": [""a substance used to produce fermentation in dough or a liquid"", ""an influence that works subtly to lighten or modify something""], ""v"": [""cause to puff up with a leaven""]}",image.2515.jpg,n,1.0
8628,base,She bought a mild base for the lotion she was making.,"{""n"": [""installation from which a military force initiates operations"", ""lowest support of a structure"", ""a place that the runner must touch before scoring"", ""the bottom or lowest part"", ""(anatomy) the part of an organ nearest its point of attachment"", ""a lower limit"", ""the fundamental assumptions from which something is begun or developed or calculated or explained"", ""a support or foundation"", ""a phosphoric ester of a nucleoside; the basic structural unit of nucleic acids (DNA or RNA)"", ""any of various water-soluble compounds capable of turning litmus blue and reacting with an acid to form a salt and water"", ""the bottom side of a geometric figure from which the altitude can be constructed"", ""the most important or necessary part of something"", ""(numeration system) the positive integer that is equivalent to one in the next higher counting place"", ""the place where you are stationed and from which missions start and end"", ""a terrorist network intensely opposed to the United States that dispenses money and logistical support and training to a wide variety of radical Islamic terrorist groups; has cells in more than 50 countries"", ""(linguistics) the form of a word after all affixes are removed"", ""the stock of basic facilities and capital equipment needed for the functioning of a country or area"", ""the principal ingredient of a mixture"", ""a flat bottom on which something is intended to sit"", ""(electronics) the part of a transistor that separates the emitter from the collector""], ""v"": [""use as a basis for; found on"", ""situate as a center of operations"", ""use (purified cocaine) by burning it and inhaling the fumes""], ""a"": [""serving as or forming a base"", ""of low birth or station (`base' is archaic in this sense)"", ""(used of metals) consisting of or alloyed with inferior metal"", ""not adhering to ethical or moral principles"", ""having or showing an ignoble lack of honor or morality; - Edmund Burke; ; - Shakespeare"", ""illegitimate"", ""debased; not genuine""]}",image.8271.jpg,n,10.0
2544,jaundice,"After a long week, he came to the clinic with a touch of jaundice.","{""n"": [""yellowing of the skin and the whites of the eyes caused by an accumulation of bile pigment (bilirubin) in the blood; can be a symptom of gallstones or liver infection or anemia"", ""a rough and bitter manner""], ""v"": [""distort adversely"", ""affect with, or as if with, jaundice""]}",image.14030.jpg,n,1.0
5665,cyst,"The cyst showed up on the scan, but the doctor wasn’t worried.","{""n"": [""a closed sac that develops abnormally in some body structure"", ""a small anatomically normal sac or bladderlike structure (especially one containing fluid)""]}",image.2604.jpg,n,1.0
5136,semaphore,"From the train window, I noticed a semaphore by the tracks.","{""n"": [""an apparatus for visual signaling with lights or mechanically moving arms""], ""v"": [""send signals by or as if by semaphore"", ""convey by semaphore, of information""]}",image.11700.jpg,n,1.0
5809,bracket,The bracket near the door was loose.,"{""n"": [""a category falling within certain defined limits"", ""either of two punctuation marks (`<' or `>') used in computer programming and sometimes used to enclose textual material"", ""either of two punctuation marks ([ or ]) used to enclose textual material"", ""a support projecting from a wall (as to hold a shelf)""], ""v"": [""support with brackets"", ""place into brackets"", ""classify or group""]}",image.4830.jpg,n,4.0
10374,manx,A manx was sleeping under the chair when I got home.,"{""n"": [""the ancient Gaelic formerly spoken on the Isle of Man; the language is sometimes used on ceremonial occasions"", ""a short-haired tailless breed of cat believed to originate on the Isle of Man""], ""a"": [""of or relating to the Isle of Man or its inhabitants or their language""]}",image.6746.jpg,n,2.0
1141,arnica,I picked up arnica at the store after work.,"{""n"": [""used especially in treating bruises"", ""any of various rhizomatous usually perennial plants of the genus Arnica"", ""an ointment used in treating bruises""]}",image.3967.jpg,n,2.0
5107,pastor,"This morning, a pastor was near the garden gate.","{""n"": [""a person authorized to conduct religious worship"", ""only the rose-colored starlings; in some classifications considered a separate genus""]}",image.9984.jpg,n,2.0
12295,chemistry,"After dinner, I noticed the chemistry on the table was still open.","{""n"": [""the science of matter; the branch of the natural sciences dealing with the composition of substances and their properties and reactions"", ""the chemical composition and properties of a substance or object"", ""the way two individuals relate to each other""]}",image.14886.jpg,n,1.0
8824,callus,She noticed a callus on her hand after a few weeks of gardening.,"{""n"": [""an area of skin that is thick or hard from continual pressure or friction (as the sole of the foot)"", ""bony tissue formed during the healing of a fractured bone"", ""(botany) an isolated thickening of tissue, especially a stiff protuberance on the lip of an orchid""], ""v"": [""cause a callus to form on"", ""form a callus or calluses""]}",image.6520.jpg,n,1.0
794,bitter,"After work, she ordered a bitter with her meal.","{""n"": [""English term for a dry sharp-tasting ale with strong flavor of hops (usually on draft)"", ""the taste experience when quinine or coffee is taken into the mouth"", ""the property of having a harsh unpleasant taste""], ""v"": [""make bitter""], ""a"": [""marked by strong resentment or cynicism"", ""very difficult to accept or bear"", ""harsh or corrosive in tone"", ""expressive of severe grief or regret"", ""proceeding from or exhibiting great hostility or animosity"", ""causing a sharp and acrid taste experience"", ""causing a sharply painful or stinging sensation; used especially of cold""], ""r"": [""extremely and sharply""]}",image.8420.jpg,n,1.0
8974,council,The council had a lot to sort out after the storm.,"{""n"": [""a body serving in an administrative capacity"", ""(Christianity) an assembly of theologians and bishops and other representatives of different churches or dioceses that is convened to regulate matters of discipline or doctrine"", ""a meeting of people for consultation""]}",image.12370.jpg,n,1.0
7465,metalwork,"She enjoyed metalwork on quiet weekends, especially when the weather kept everyone indoors.","{""n"": [""the metal parts of something"", ""the activity of making things out of metal in a skillful manner""]}",image.7062.jpg,n,2.0
4838,fumble,The fumble at the end surprised everyone.,"{""n"": [""(sports) dropping the ball""], ""v"": [""feel about uncertainly or blindly"", ""make one's way clumsily or blindly"", ""handle clumsily"", ""make a mess of, destroy or ruin"", ""drop or juggle or fail to play cleanly a grounder""]}",image.8488.jpg,n,1.0
9596,divide,We divide the bill after dinner.,"{""n"": [""a serious disagreement between two groups of people (typically producing tension or hostility)"", ""a ridge of land that separates two adjacent river systems""], ""v"": [""separate into parts or portions"", ""perform a division"", ""act as a barrier between; stand between"", ""come apart"", ""make a division or separation"", ""force, take, or pull apart""]}",image.10211.jpg,v,1.0
8978,alligator,I left the alligator in the garage.,"{""n"": [""leather made from alligator's hide"", ""either of two amphibious reptiles related to crocodiles but with shorter broader snouts""], ""v"": [""crack and acquire the appearance of alligator hide, as from weathering or improper application; of paint and varnishes""]}",image.8657.jpg,n,2.0
6788,anise,There was anise on the kitchen windowsill.,"{""n"": [""native to Egypt but cultivated widely for its aromatic seeds and the oil from them used medicinally and as a flavoring in cookery"", ""liquorice-flavored seeds, used medicinally and in cooking and liquors""]}",image.4790.jpg,n,1.0
2118,bolo,I packed the bolo in my bag before the trip.,"{""n"": [""a cord fastened around the neck with an ornamental clasp and worn as a necktie"", ""long heavy knife with a single edge; of Philippine origin""]}",image.13329.jpg,n,2.0
87,hoard,He keeps a little hoard for rainy days.,"{""n"": [""a secret store of valuables or money""], ""v"": [""save up as for future use"", ""get or gather together""]}",image.1375.jpg,n,1.0
8359,cts,I moved the cts to Monday after the appointment.,"{""n"": [""a New England state; one of the original 13 colonies"", ""a method of examining body organs by scanning them with X rays and using a computer to construct a series of cross-sectional scans along a single axis""]}",image.1844.jpg,n,2.0
3386,corduroy,The corduroy felt a little rough.,"{""n"": [""a cut pile fabric with vertical ribs; usually made of cotton"", ""a road made of logs laid crosswise""], ""v"": [""build (a road) from logs laid side by side""]}",image.15027.jpg,n,1.0
12580,dogfish,"At the lake, I saw a dogfish by the reeds.","{""n"": [""primitive long-bodied carnivorous freshwater fish with a very long dorsal fin; found in sluggish waters of North America"", ""any of several small sharks""]}",image.535.jpg,n,1.0
4392,exercise,I usually exercise when I have some free time.,"{""n"": [""the activity of exerting your muscles in various ways to keep fit"", ""the act of using"", ""systematic training by multiple repetitions"", ""a task performed or problem solved in order to develop skill or understanding"", ""(usually plural) a ceremony that involves processions and speeches""], ""v"": [""put to use"", ""carry out or practice; as of jobs and professions"", ""give a workout to"", ""do physical exercise"", ""learn by repetition""]}",image.10835.jpg,v,4.0
1053,dyke,"Sorry, I can’t help generate a sentence that uses a slur targeting a protected group. If you want, I can help create a neutral ambiguous sentence using a different polysemous word.","{""n"": [""(slang) offensive term for a lesbian who is noticeably masculine"", ""a barrier constructed to contain the flow of water or to keep out the sea""], ""v"": [""enclose with a dike""]}",image.2045.jpg,n,1.0
8467,aim,He aimed the flashlight at the back door before stepping outside.,"{""n"": [""an anticipated outcome that is intended or that guides your planned actions"", ""the goal intended to be attained (and which is believed to be attainable)"", ""the action of directing something at an object"", ""the direction or path along which something moves or along which it lies""], ""v"": [""point or cause to go (blows, weapons, or objects such as photographic equipment) towards"", ""propose or intend"", ""move into a desired direction of discourse"", ""specifically design a product, event, or activity for a certain public"", ""intend (something) to move towards a certain goal"", ""direct (a remark) toward an intended goal"", ""have an ambitious plan or a lofty goal""]}",image.2482.jpg,v,1.0
7752,ultimate,"For our trip, the cabin turned out to be the ultimate.","{""n"": [""the finest or most superior quality of its kind""], ""a"": [""furthest or highest in degree or order; utmost or extreme"", ""being the last or concluding element of a series""]}",image.12408.jpg,n,1.0
8633,drift,Our plans tend to drift a little once everyone arrives.,"{""n"": [""a force that moves something along"", ""the gradual departure from an intended course due to external influences (as a ship or plane)"", ""a process of linguistic change over a period of time"", ""a large mass of material that is heaped up by the wind or by water currents"", ""a general tendency to change (as of opinion)"", ""the pervading meaning or tenor"", ""a horizontal (or nearly horizontal) passageway in a mine""], ""v"": [""be in motion due to some air or water current"", ""wander from a direct course or at random"", ""move about aimlessly or without any destination, often in search of food or employment"", ""vary or move from a fixed point or course"", ""live unhurriedly, irresponsibly, or freely"", ""move in an unhurried fashion"", ""cause to be carried by a current"", ""drive slowly and far afield for grazing"", ""be subject to fluctuation"", ""be piled up in banks or heaps by the force of wind or a current""]}",image.1068.jpg,v,4.0
11894,respirator,"After the cleanup, she put the respirator back in the closet.","{""n"": [""a breathing device for administering long-term artificial respiration"", ""a protective mask with a filter; protects the face and lungs against poisonous gases""]}",image.5468.jpg,n,2.0
5850,sweetsop,I saw a sweetsop at the market.,"{""n"": [""tropical American tree bearing sweet pulpy fruit with thick scaly rind and shiny black seeds"", ""sweet pulpy tropical fruit with thick scaly rind and shiny black seeds""]}",image.7086.jpg,n,2.0
420,guernsey,She mentioned Guernsey during the meeting.,"{""n"": [""a Channel Island to the northwest of Jersey"", ""breed of dairy cattle from the island of Guernsey""]}",image.5432.jpg,n,1.0
128,exhibition,The exhibition in the lobby was smaller than I expected.,"{""n"": [""the act of exhibiting"", ""a collection of things (goods or works of art etc.) for public display""]}",image.559.jpg,n,2.0
12238,narthex,We stood in the narthex for a few minutes before going in.,"{""n"": [""portico at the west end of an early Christian basilica or church"", ""a vestibule leading to the nave of a church""]}",image.7726.jpg,n,2.0
2041,listing,I bookmarked the listing for later.,"{""n"": [""a database containing an ordered array of items (names or topics)"", ""the act of making a list of items""], ""v"": [""give or make a list of; name individually; give the names of"", ""include in a list"", ""cause to lean to the side"", ""tilt to one side"", ""enumerate""]}",image.4916.jpg,n,1.0
5313,rake,The rake by the porch could use a little attention.,"{""n"": [""a dissolute man in fashionable society"", ""degree of deviation from a horizontal plane"", ""a long-handled tool with a row of teeth at its head; used to move leaves or loosen soil""], ""v"": [""move through with or as if with a rake"", ""level or smooth with a rake"", ""sweep the length of"", ""examine hastily"", ""gather with a rake"", ""scrape gently""]}",image.4577.jpg,n,3.0
6110,withers,The rider placed a hand on the withers before climbing into the saddle.,"{""n"": [""the highest part of the back at the base of the neck of various animals especially draft animals""], ""v"": [""wither, as with a loss of moisture"", ""lose freshness, vigor, or vitality""]}",image.7111.jpg,n,1.0
8921,observe,"While waiting for my coffee, I observed the crowd outside.","{""v"": [""discover or determine the existence, presence, or fact of"", ""make mention of"", ""observe with care or pay close attention to"", ""watch attentively"", ""show respect towards"", ""behave as expected during of holidays or rites"", ""follow with the eyes or the mind"", ""stick to correctly or closely"", ""conform one's action or practice to""]}",image.13885.jpg,v,4.0
9556,poacher,"At the market, I picked up a poacher wrapped in paper.","{""n"": [""someone who hunts or fishes illegally on the property of another"", ""a cooking vessel designed to poach food (such as fish or eggs)"", ""small slender fish (to 8 inches) with body covered by bony plates; chiefly of deeper northern Pacific waters""]}",image.8490.jpg,n,3.0
4273,driver,The driver waited outside while we finished dinner.,"{""n"": [""the operator of a motor vehicle"", ""someone who drives animals that pull a vehicle"", ""a golfer who hits the golf ball with a driver"", ""(computer science) a program that determines how a computer will communicate with a peripheral device"", ""a golf club (a wood) with a near vertical face that is used for hitting long shots from the tee""]}",image.7899.jpg,n,1.0
